,nvar,status,setup_time,solve_time,run_time,obj
portfolio_2,202,optimal,0.0,0.000751262,0.000751262,-2.169986910445667
portfolio_5,505,optimal,0.0,0.002408387,0.002408387,-2.465419628011981
portfolio_8,808,optimal,0.0,0.005403585,0.005403585,-2.644335088024678
portfolio_12,1212,optimal,0.0,0.013486208,0.013486208,-2.2943763968984894
portfolio_15,1515,optimal,0.0,0.032319564,0.032319564,-2.543575807578058
portfolio_20,2020,optimal,0.0,0.070957846,0.070957846,-2.3924505569550645
portfolio_25,2525,optimal,0.0,0.13763337,0.13763337,-2.5979985485580706
portfolio_30,3030,optimal,0.0,0.040237001,0.040237001,-2.6205994558008
portfolio_35,3535,optimal,0.0,0.054599895,0.054599895,-2.7369495020454604
