,nvar,status,setup_time,solve_time,run_time,obj
portfolio_2,202,optimal,0.000215194,0.001485316,0.00170051,-2.1699869398620417
portfolio_5,505,optimal,0.00045638,0.003981408,0.004437788,-2.4654196380177824
portfolio_8,808,optimal,0.001226692,0.010937112,0.012163804,-2.644335098437007
portfolio_12,1212,optimal,0.005249383,0.032586262,0.037835645,-2.294376397993497
portfolio_15,1515,optimal,0.011052053,0.046577362,0.057629414999999996,-2.543575802949459
portfolio_20,2020,optimal,0.002132542,0.072319652,0.074452194,-2.3924506590118573
portfolio_25,2525,optimal,0.002173919,0.071597448,0.07377136699999999,-2.597998570715968
portfolio_30,3030,optimal,0.002921145,0.079755977,0.082677122,-2.620599468627669
portfolio_35,3535,optimal,0.003875233,0.146456471,0.150331704,-2.7369496077434854
