,nvar,status,setup_time,solve_time,run_time,obj
portfolio_2,202,optimal,0.0,0.0019421577453613281,0.0019421577453613281,-2.169986944086042
portfolio_5,505,optimal,0.0,0.00471186637878418,0.00471186637878418,-2.4654195687876204
portfolio_8,808,optimal,0.0,0.010194063186645508,0.010194063186645508,-2.6443349959317297
portfolio_12,1212,optimal,0.0,0.021947145462036133,0.021947145462036133,-2.2943763985875103
portfolio_15,1515,optimal,0.0,0.03703784942626953,0.03703784942626953,-2.543575802436334
portfolio_20,2020,optimal,0.0,0.06423401832580566,0.06423401832580566,-2.392450620526083
portfolio_25,2525,optimal,0.0,0.05383896827697754,0.05383896827697754,-2.5979985539167716
portfolio_30,3030,optimal,0.0,0.06683993339538574,0.06683993339538574,-2.620599338847207
portfolio_35,3535,optimal,0.0,0.09102487564086914,0.09102487564086914,-2.736949604460571
