,nvar,status,setup_time,solve_time,run_time,obj
portfolio_2,202,optimal,0.0,0.006949697999516502,0.006949697999516502,-2.169989199844051
portfolio_5,505,optimal,0.0,0.014770353998756036,0.014770353998756036,-2.4654430778804755
portfolio_8,808,optimal,0.0,0.03292955299548339,0.03292955299548339,-2.6443422222438815
portfolio_12,1212,optimal,0.0,0.050361244997475296,0.050361244997475296,-2.294393111638508
portfolio_15,1515,optimal,0.0,0.08513313200091943,0.08513313200091943,-2.543646195642804
portfolio_20,2020,optimal,0.0,0.13138787599746138,0.13138787599746138,-2.3926224251844297
portfolio_25,2525,optimal,0.0,0.14618735999101773,0.14618735999101773,-2.5981752780427505
portfolio_30,3030,optimal,0.0,0.17827493300137576,0.17827493300137576,-2.6206385977627527
portfolio_35,3535,optimal,0.0,0.2234081440110458,0.2234081440110458,-2.7373164011319053
