,nvar,status,setup_time,solve_time,run_time,obj
portfolio_2,202,optimal,,0.000568221,0.000568221,-2.1699869229277056
portfolio_5,505,optimal,,0.001731879,0.001731879,-2.9304079657634072
portfolio_8,808,optimal,,0.004352073,0.004352073,-2.644335090399352
portfolio_12,1212,optimal,,0.010988752,0.010988752,-2.294376388027543
portfolio_15,1515,optimal,,0.016005047,0.016005047,-2.4543737178072513
