,size,status,setup_time,solve_time,run_time,obj
portfolio_2,1004,optimal,,0.000526538,0.000526538,-2.1699869229277056
portfolio_5,3260,optimal,,0.001465089,0.001465089,-2.930407965763411
portfolio_8,6416,optimal,,0.003381744,0.003381744,-2.644335090399352
portfolio_12,12024,optimal,,0.006398124,0.006398124,-2.294376388027547
portfolio_15,17280,optimal,,0.009347204,0.009347204,-2.454373717807253
