,nvar,status,setup_time,solve_time,run_time,obj
portfolio_2,202,QOCO_SOLVED,0.000126072,0.00083213,0.000958202,-2.169986922924619
portfolio_5,505,QOCO_SOLVED,0.000408166,0.002786268,0.0031944340000000003,-2.465419638275304
portfolio_8,808,QOCO_SOLVED,0.001193047,0.006263426,0.007456473,-2.644335090398268
portfolio_12,1212,QOCO_SOLVED,0.002563202,0.015190625,0.017753827,-2.2943763880227124
portfolio_15,1515,QOCO_SOLVED,0.001264381,0.020119433,0.021383813999999998,-2.5435757929480363
portfolio_20,2020,QOCO_SOLVED,0.001917676,0.034024553,0.035942229,-2.392450550481355
portfolio_25,2525,QOCO_SOLVED,0.002235644,0.036543743,0.038779387,-2.5979985578606595
portfolio_30,3030,QOCO_SOLVED,0.002941053,0.050186655,0.053127707999999996,-2.62059941802158
portfolio_35,3535,QOCO_SOLVED,0.003790129,0.075621716,0.07941184500000001,-2.736949595877546
