,nvar,status,setup_time,solve_time,run_time,obj
portfolio_2,202,optimal,,0.00039839,0.00039839,-2.1699869229277056
portfolio_5,505,optimal,,0.001148247,0.001148247,-2.930407965763411
portfolio_8,808,optimal,,0.002651997,0.002651997,-2.644335090399352
portfolio_12,1212,optimal,,0.004888379,0.004888379,-2.294376388027547
portfolio_15,1515,optimal,,0.009110272,0.009110272,-2.454373717807253
