,nvar,status,setup_time,solve_time,run_time,obj
portfolio_2,202,optimal,,0.000566594,0.000566594,-2.1699869229277056
portfolio_5,505,optimal,,0.001748247,0.001748247,-2.9304079657634072
portfolio_8,808,optimal,,0.004266189,0.004266189,-2.644335090399352
portfolio_12,1212,optimal,,0.011304332,0.011304332,-2.294376388027543
portfolio_15,1515,optimal,,0.012107901,0.012107901,-2.4543737178072513
