,nvar,status,setup_time,solve_time,run_time,obj
portfolio_2,202,optimal,,0.000418779,0.000418779,-2.1699869229277056
portfolio_5,505,optimal,,0.0015476,0.0015476,-2.930407965763411
portfolio_8,808,optimal,,0.002651647,0.002651647,-2.644335090399352
portfolio_12,1212,optimal,,0.006392349,0.006392349,-2.294376388027547
portfolio_15,1515,optimal,,0.009082306,0.009082306,-2.454373717807253
