,status,setup_time,solve_time,run_time,obj
lcvx_5,optimal,0.0,0.00064627649,0.00064627649,-3.4552334400031723
lcvx_10,optimal,0.0,0.0009146377999999998,0.0009146377999999998,-3.4662212618447477
lcvx_15,optimal,0.0,0.0015846228399999998,0.0015846228399999998,-3.469404940756137
lcvx_25,optimal,0.0,0.00344913735,0.00344913735,-3.471802840925165
lcvx_50,optimal,0.0,0.0063518951599999965,0.0063518951599999965,-3.473484306347091
lcvx_75,optimal,0.0,0.01000227627,0.01000227627,-3.474022505242485
lcvx_100,optimal,0.0,0.013028219090000001,0.013028219090000001,-3.4743006430177337
lcvx_125,optimal,0.0,0.017119962099999997,0.017119962099999997,-3.4744610415980053
