,status,setup_time,solve_time,run_time,obj
lcvx_5,optimal,,0.000741625,0.000741625,-3.4552334400031723
lcvx_10,optimal,,0.001074019,0.001074019,-3.4662212618447477
lcvx_15,optimal,,0.002027046,0.002027046,-3.469404940756137
lcvx_25,optimal,,0.003676881,0.003676881,-3.471802840925165
lcvx_50,optimal,,0.006656863,0.006656863,-3.473484306347091
lcvx_75,optimal,,0.010834499,0.010834499,-3.474022505242485
lcvx_100,optimal,,0.014289616,0.014289616,-3.4743006430177337
lcvx_125,optimal,,0.018291011,0.018291011,-3.4744610415980053
