,status,setup_time,solve_time,run_time,obj
lcvx_5,optimal,0.0,0.0006529395499999999,0.0006529395499999999,-3.4552334400031723
lcvx_10,optimal,0.0,0.0009291647399999995,0.0009291647399999995,-3.4662212618447477
lcvx_15,optimal,0.0,0.0016204366399999992,0.0016204366399999992,-3.469404940756137
lcvx_25,optimal,0.0,0.0036896176200000015,0.0036896176200000015,-3.471802840925165
lcvx_50,optimal,0.0,0.006529914059999998,0.006529914059999998,-3.473484306347091
lcvx_75,optimal,0.0,0.0103596836,0.0103596836,-3.474022505242485
lcvx_100,optimal,0.0,0.013541482070000006,0.013541482070000006,-3.4743006430177337
lcvx_125,optimal,0.0,0.018230607569999998,0.018230607569999998,-3.4744610415980053
