,status,setup_time,solve_time,run_time,obj
lcvx_5,optimal,0.0,0.0006445904300000002,0.0006445904300000002,-3.4552334400031723
lcvx_10,optimal,0.0,0.0009017826900000003,0.0009017826900000003,-3.4662212618447477
lcvx_15,optimal,0.0,0.0015946683400000006,0.0015946683400000006,-3.469404940756137
lcvx_25,optimal,0.0,0.0033781063599999995,0.0033781063599999995,-3.471802840925165
lcvx_50,optimal,0.0,0.00613908511,0.00613908511,-3.473484306347091
lcvx_75,optimal,0.0,0.009636016280000001,0.009636016280000001,-3.474022505242485
lcvx_100,optimal,0.0,0.01284585911,0.01284585911,-3.4743006430177337
lcvx_125,optimal,0.0,0.017231559879999997,0.017231559879999997,-3.4744610415980053
