,status,setup_time,solve_time,run_time,obj
lcvx_5,optimal,0.0,0.0006532736800000001,0.0006532736800000001,-3.4552334400031723
lcvx_10,optimal,0.0,0.0009495143300000001,0.0009495143300000001,-3.4662212618447477
lcvx_15,optimal,0.0,0.0016236437899999998,0.0016236437899999998,-3.469404940756137
lcvx_25,optimal,0.0,0.003556603990000002,0.003556603990000002,-3.471802840925165
lcvx_50,optimal,0.0,0.006379397169999999,0.006379397169999999,-3.473484306347091
lcvx_75,optimal,0.0,0.0100697452,0.0100697452,-3.474022505242485
lcvx_100,optimal,0.0,0.013426338409999995,0.013426338409999995,-3.4743006430177337
lcvx_125,optimal,0.0,0.017389989339999995,0.017389989339999995,-3.4744610415980053
