,status,setup_time,solve_time,run_time,obj
lcvx_5,optimal,,0.00068802,0.00068802,-3.4552334400031723
lcvx_10,optimal,,0.000959939,0.000959939,-3.4662212618447477
lcvx_15,optimal,,0.001616561,0.001616561,-3.469404940756137
lcvx_25,optimal,,0.003423424,0.003423424,-3.471802840925165
lcvx_50,optimal,,0.006179409,0.006179409,-3.473484306347091
lcvx_75,optimal,,0.010099793,0.010099793,-3.474022505242485
lcvx_100,optimal,,0.01296172,0.01296172,-3.4743006430177337
lcvx_125,optimal,,0.016691493,0.016691493,-3.4744610415980053
