,status,setup_time,solve_time,run_time,obj
lcvx_5,optimal,0.0,0.00067331845,0.00067331845,-3.4552334400031723
lcvx_10,optimal,0.0,0.0009821643500000003,0.0009821643500000003,-3.4662212618447477
lcvx_15,optimal,0.0,0.0016704997000000007,0.0016704997000000007,-3.469404940756137
lcvx_25,optimal,0.0,0.0036858607800000004,0.0036858607800000004,-3.471802840925165
lcvx_50,optimal,0.0,0.006632995599999996,0.006632995599999996,-3.473484306347091
lcvx_75,optimal,0.0,0.010336535599999997,0.010336535599999997,-3.474022505242485
lcvx_100,optimal,0.0,0.013586737220000002,0.013586737220000002,-3.4743006430177337
lcvx_125,optimal,0.0,0.017435890930000003,0.017435890930000003,-3.4744610415980053
