,status,setup_time,solve_time,run_time,obj
lcvx_5,optimal,0.0,0.0006747494399999996,0.0006747494399999996,-3.4552334400031723
lcvx_10,optimal,0.0,0.0009476487800000003,0.0009476487800000003,-3.4662212618447477
lcvx_15,optimal,0.0,0.0017847478800000003,0.0017847478800000003,-3.469404940756137
lcvx_25,optimal,0.0,0.0034712719399999977,0.0034712719399999977,-3.471802840925165
lcvx_50,optimal,0.0,0.006557152980000003,0.006557152980000003,-3.473484306347091
lcvx_75,optimal,0.0,0.010482714329999993,0.010482714329999993,-3.474022505242485
lcvx_100,optimal,0.0,0.01340126383,0.01340126383,-3.4743006430177337
lcvx_125,optimal,0.0,0.017572826450000002,0.017572826450000002,-3.4744610415980053
