,status,setup_time,solve_time,run_time,obj
lcvx_5,optimal_inaccurate,9.7972e-05,0.000564902,0.000662874,-3.4552000513705865
lcvx_10,optimal,0.000144131,0.001165175,0.001309306,-3.466254083941025
lcvx_15,optimal_inaccurate,0.000180931,0.002141164,0.002322095,-3.469398421691846
lcvx_25,,,,,
lcvx_50,,,,,
lcvx_75,,,,,
lcvx_100,,,,,
lcvx_125,,,,,
