,status,setup_time,solve_time,run_time,obj
lcvx_5,optimal_inaccurate,8.517269e-05,0.00062228633,0.00070745902,-3.4552000513705865
lcvx_10,optimal,0.00013689079999999997,0.0012460475599999998,0.0013829383599999997,-3.466254083941025
lcvx_15,optimal_inaccurate,0.0001876110499999999,0.002286809739999999,0.002474420789999999,-3.469398421691846
lcvx_25,,,,,
lcvx_50,,,,,
lcvx_75,,,,,
lcvx_100,,,,,
lcvx_125,,,,,
