,status,setup_time,solve_time,run_time,obj
lcvx_5,optimal_inaccurate,7.651100000000003e-05,0.0005684801700000001,0.0006449911700000001,-3.4552000513705865
lcvx_10,optimal,0.0001264804,0.0011383529599999997,0.0012648333599999998,-3.466254083941025
lcvx_15,optimal_inaccurate,0.00017421945000000005,0.00208510107,0.00225932052,-3.469398421691846
lcvx_25,,,,,
lcvx_50,,,,,
lcvx_75,,,,,
lcvx_100,,,,,
lcvx_125,,,,,
