,status,setup_time,solve_time,run_time,obj
lcvx_5,optimal_inaccurate,7.992803999999999e-05,0.00058470125,0.0006646292900000001,-3.4552000513705865
lcvx_10,optimal,0.00013216609999999992,0.0011868422600000005,0.0013190083600000005,-3.466254083941025
lcvx_15,optimal_inaccurate,0.00017917779000000002,0.0022009032800000008,0.0023800810700000006,-3.469398421691846
lcvx_25,,,,,
lcvx_50,,,,,
lcvx_75,,,,,
lcvx_100,,,,,
lcvx_125,,,,,
