,status,setup_time,solve_time,run_time,obj
lcvx_5,optimal_inaccurate,7.915844e-05,0.0005880089,0.00066716734,-3.4552000513705865
lcvx_10,optimal,0.00013626065,0.0012478458800000002,0.0013841065300000002,-3.466254083941025
lcvx_15,optimal_inaccurate,0.00019100204000000007,0.002317997120000001,0.002508999160000001,-3.469398421691846
lcvx_25,,,,,
lcvx_50,,,,,
lcvx_75,,,,,
lcvx_100,,,,,
lcvx_125,,,,,
