,nvar,status,setup_time,solve_time,run_time,obj
lcvx_15,176,optimal_inaccurate,0.00017218492000000004,0.0020753502,0.00224753512,-3.469398421691846
lcvx_25,286.0,,,,,
lcvx_50,561.0,,,,,
lcvx_75,836.0,,,,,
lcvx_100,1111.0,,,,,
lcvx_125,1386.0,,,,,
lcvx_150,1661.0,,,,,
lcvx_200,2211.0,,,,,
lcvx_250,2761.0,,,,,
lcvx_300,3311.0,,,,,
