,status,setup_time,solve_time,run_time,obj
lcvx_5,optimal_inaccurate,8.297928999999999e-05,0.00059642019,0.00067939948,-3.4552000513705865
lcvx_10,optimal,0.00012897072000000006,0.0011772683600000005,0.0013062390800000004,-3.466254083941025
lcvx_15,optimal_inaccurate,0.00017764231999999999,0.0021706911000000002,0.0023483334200000002,-3.469398421691846
lcvx_25,,,,,
lcvx_50,,,,,
lcvx_75,,,,,
lcvx_100,,,,,
lcvx_125,,,,,
