,status,setup_time,solve_time,run_time,obj
lcvx_5,optimal_inaccurate,8.267620000000003e-05,0.0006158811700000002,0.0006985573700000002,-3.4552000513705865
lcvx_10,optimal,0.00013968484000000006,0.0012565157,0.00139620054,-3.466254083941025
lcvx_15,optimal_inaccurate,0.00018619047000000008,0.0022679346699999996,0.0024541251399999996,-3.469398421691846
lcvx_25,,,,,
lcvx_50,,,,,
lcvx_75,,,,,
lcvx_100,,,,,
lcvx_125,,,,,
lcvx_200,,,,,
lcvx_300,,,,,
