,status,setup_time,solve_time,run_time,obj
lcvx_5,optimal_inaccurate,7.743280999999999e-05,0.0005611571200000001,0.0006385899300000001,-3.4552000513705865
lcvx_10,optimal,0.00012885442000000003,0.0011585391400000004,0.0012873935600000003,-3.466254083941025
lcvx_15,optimal_inaccurate,0.00017493882000000003,0.00213656568,0.0023115045,-3.469398421691846
lcvx_25,,,,,
lcvx_50,,,,,
lcvx_75,,,,,
lcvx_100,,,,,
lcvx_125,,,,,
