,status,setup_time,solve_time,run_time,obj
lcvx_5,optimal_inaccurate,0.000108175,0.000609934,0.000718109,-3.4552000513705865
lcvx_10,optimal,0.000149769,0.001348957,0.0014987260000000001,-3.466254083941025
lcvx_15,optimal_inaccurate,0.000191802,0.002405883,0.002597685,-3.469398421691846
lcvx_25,,,,,
lcvx_50,,,,,
lcvx_75,,,,,
lcvx_100,,,,,
lcvx_125,,,,,
