,status,setup_time,solve_time,run_time,obj
robust_kalman_filter_25,optimal,0.0,0.0021429708029609175,0.0021429708029609175,706.0121803034675
robust_kalman_filter_50,optimal,0.0,0.004163710919092409,0.004163710919092409,1710.46135682874
robust_kalman_filter_75,optimal,0.0,0.007894225980853662,0.007894225980853662,3201.5553367215584
robust_kalman_filter_100,optimal,0.0,0.010735614007571712,0.010735614007571712,4708.570495602045
robust_kalman_filter_125,optimal,0.0,0.015028471112600528,0.015028471112600528,5060.296896282563
robust_kalman_filter_150,optimal,0.0,0.01631673425086774,0.01631673425086774,5427.660738581423
robust_kalman_filter_175,optimal,0.0,0.0185113537783036,0.0185113537783036,8490.266609553613
