,status,setup_time,solve_time,run_time,obj
lcvx_5,optimal,0.0,0.0011555645085172728,0.0011555645085172728,-3.455237490976592
lcvx_10,optimal,0.0,0.0033279390679672363,0.0033279390679672363,-3.4662433309817917
lcvx_15,optimal,0.0,0.005571183629799634,0.005571183629799634,-3.4693881318713635
lcvx_25,optimal,0.0,0.007238275749841705,0.007238275749841705,-3.4717643017400777
lcvx_50,,,,,
lcvx_75,,,,,
lcvx_100,optimal,0.0,0.047386681618518195,0.047386681618518195,-3.474258491804742
lcvx_125,optimal,0.0,0.05674283444765024,0.05674283444765024,-3.4744172279567582
