,status,setup_time,solve_time,run_time,obj
lcvx_5,optimal,0.0,0.0010671198321506382,0.0010671198321506382,-3.455237490976592
lcvx_10,optimal,0.0,0.0033179867977742106,0.0033179867977742106,-3.4662433309817917
lcvx_15,optimal,0.0,0.005299362487276085,0.005299362487276085,-3.4693881318713635
lcvx_25,optimal,0.0,0.007117029221262783,0.007117029221262783,-3.4717643017400777
lcvx_50,,,,,
lcvx_75,,,,,
lcvx_100,optimal,0.0,0.05089864534093067,0.05089864534093067,-3.474258491804742
lcvx_125,optimal,0.0,0.05814419344824273,0.05814419344824273,-3.4744172279567582
