,status,setup_time,solve_time,run_time,obj
lcvx_5,optimal,0.0,0.0012603507173480466,0.0012603507173480466,-3.455237490976592
lcvx_10,optimal,0.0,0.003548881240421906,0.003548881240421906,-3.4662433309817917
lcvx_15,optimal,0.0,0.00585684984922409,0.00585684984922409,-3.4693881318713635
lcvx_25,optimal,0.0,0.007015957679832354,0.007015957679832354,-3.4717643017400777
lcvx_50,,,,,
lcvx_75,,,,,
lcvx_100,optimal,0.0,0.04982490783673711,0.04982490783673711,-3.474258491804742
lcvx_125,optimal,0.0,0.061236106399446724,0.061236106399446724,-3.4744172279567582
