,status,setup_time,solve_time,run_time,obj
lcvx_5,optimal,,0.00033393265800000057,0.00033393265800000057,-3.4552289637351166
lcvx_10,optimal,,0.0006409101080000003,0.0006409101080000003,-3.4662952177349626
lcvx_15,optimal,,0.0010322221279999994,0.0010322221279999994,-3.4694502835376384
lcvx_25,optimal,,0.0018135983399999978,0.0018135983399999978,-3.4718124891043276
lcvx_50,optimal,,0.0033743594049999936,0.0033743594049999936,-3.4734931525442674
lcvx_75,optimal,,0.005755876254999998,0.005755876254999998,-3.4740381143809915
lcvx_100,optimal,,0.007136571009999996,0.007136571009999996,-3.474304187131697
lcvx_125,optimal,,0.010315156323999984,0.010315156323999984,-3.474464696350128
