,status,setup_time,solve_time,run_time,obj
lcvx_5,optimal,,0.0003041245169999999,0.0003041245169999999,-3.455222394512036
lcvx_10,optimal,,0.0005959195759999999,0.0005959195759999999,-3.4662877707145605
lcvx_15,optimal,,0.0010696225779999987,0.0010696225779999987,-3.469446294866147
lcvx_25,optimal,,0.0017625041310000017,0.0017625041310000017,-3.4718086821069316
lcvx_50,optimal,,0.0033643958949999956,0.0033643958949999956,-3.4734905815669523
lcvx_75,optimal,,0.006283320384000013,0.006283320384000013,-3.4740359778340775
lcvx_100,optimal,,0.007793268220000004,0.007793268220000004,-3.474304988156506
lcvx_125,optimal,,0.011626370340999986,0.011626370340999986,-3.47446479191777
