,status,setup_time,solve_time,run_time,obj
lcvx_5,optimal,,0.0003009483639999999,0.0003009483639999999,-3.455222394512036
lcvx_10,optimal,,0.000608377425,0.000608377425,-3.4662877707145605
lcvx_15,optimal,,0.0010408366490000005,0.0010408366490000005,-3.469446294866147
lcvx_25,optimal,,0.0017972000739999979,0.0017972000739999979,-3.4718086821069316
lcvx_50,optimal,,0.0033308708930000004,0.0033308708930000004,-3.4734905815669523
lcvx_75,optimal,,0.006313694145999992,0.006313694145999992,-3.4740359778340775
lcvx_100,optimal,,0.007906127745000002,0.007906127745000002,-3.474304988156506
lcvx_125,optimal,,0.011003722729999997,0.011003722729999997,-3.47446479191777
