,status,setup_time,solve_time,run_time,obj
lcvx_5,QCOS_SOLVED,0.00016507600000000008,0.00055684692,0.0007219229200000001,-3.455224341619946
lcvx_10,QCOS_SOLVED,0.00035866299999999973,0.0010481690099999994,0.0014068320099999993,-3.4662901389664547
lcvx_15,QCOS_SOLVED,0.000597266999999999,0.00178003945,0.002377306449999999,-3.4694482113558722
lcvx_25,QCOS_SOLVED,0.0012764420000000015,0.0027484362,0.004024878200000002,-3.4718071419438967
lcvx_50,QCOS_SOLVED,0.0041200800000000095,0.00567397094,0.00979405094000001,-3.473491639317773
lcvx_75,QCOS_SOLVED,0.008148523999999992,0.009066860310000003,0.017215384309999995,-3.474034140709319
lcvx_100,QCOS_SOLVED,0.014242709999999994,0.01160001679,0.025842726789999996,-3.4743024671330653
lcvx_125,QCOS_SOLVED,0.021433735000000006,0.015473867400000002,0.03690760240000001,-3.474457883726906
