,status,setup_time,solve_time,run_time,obj
lcvx_5,QCOS_SOLVED,0.00012272200000000005,0.00054527621,0.0006679982100000001,-3.455224341863365
lcvx_10,QCOS_SOLVED,0.00020451399999999966,0.0010607984400000006,0.0012653124400000002,-3.4662901392290375
lcvx_15,QCOS_SOLVED,0.0003158740000000005,0.0017811862899999996,0.00209706029,-3.4694482120808514
lcvx_25,QCOS_SOLVED,0.0006131200000000013,0.0028906064900000006,0.003503726490000002,-3.4718071406344144
lcvx_50,QCOS_SOLVED,0.001748399000000002,0.0057148858200000005,0.0074632848200000025,-3.473491642955441
lcvx_75,QCOS_SOLVED,0.003587304000000008,0.009349919290000001,0.012937223290000008,-3.474034139795025
lcvx_100,QCOS_SOLVED,0.005505666999999995,0.011525809869999999,0.017031476869999996,-3.474302466458876
lcvx_125,QCOS_SOLVED,0.00882486100000001,0.015710054819999996,0.024534915820000006,-3.4744578827319814
