,status,setup_time,solve_time,run_time,obj
lcvx_5,QCOS_SOLVED,0.000162108,0.000600271,0.000762379,-3.455224341619946
lcvx_10,QCOS_SOLVED,0.000348264,0.001070669,0.001418933,-3.4662901389664547
lcvx_15,QCOS_SOLVED,0.000596642,0.001775401,0.002372043,-3.4694482113558722
lcvx_25,QCOS_SOLVED,0.001223738,0.002762924,0.003986662,-3.4718071419438967
lcvx_50,QCOS_SOLVED,0.003826405,0.005478055,0.00930446,-3.473491639317773
lcvx_75,QCOS_SOLVED,0.008269799,0.008869923,0.017139722,-3.474034140709319
lcvx_100,QCOS_SOLVED,0.013389982,0.011136655,0.024526637,-3.4743024671330653
lcvx_125,QCOS_SOLVED,0.020272646,0.014795035,0.035067680999999996,-3.474457883726906
