,status,setup_time,solve_time,run_time,obj
lcvx_5,optimal,,0.0002564483689999998,0.0002564483689999998,-3.455220127925004
lcvx_10,optimal,,0.0004965050589999997,0.0004965050589999997,-3.4662853750739093
lcvx_15,optimal,,0.0008310738230000015,0.0008310738230000015,-3.4694440506741144
lcvx_25,optimal,,0.0014754781910000017,0.0014754781910000017,-3.4718064600409857
lcvx_50,optimal,,0.002847759576,0.002847759576,-3.473488592696093
lcvx_75,optimal,,0.004843255197999998,0.004843255197999998,-3.4740334972436258
lcvx_100,optimal,,0.006570033508,0.006570033508,-3.47430231233169
lcvx_125,optimal,,0.009863410507000004,0.009863410507000004,-3.474460847686584
