,status,setup_time,solve_time,run_time,obj
lcvx_5,QCOS_SOLVED,0.000175709,0.000625168,0.000800877,-3.455224341619946
lcvx_10,QCOS_SOLVED,0.000406078,0.001276701,0.0016827790000000001,-3.4662901389664547
lcvx_15,QCOS_SOLVED,0.000648128,0.00197996,0.0026280879999999998,-3.4694482113558722
lcvx_25,QCOS_SOLVED,0.00136799,0.003030765,0.004398755,-3.4718071419438967
lcvx_50,QCOS_SOLVED,0.004129286,0.005775706,0.009904992000000001,-3.473491639317773
lcvx_75,QCOS_SOLVED,0.008570611,0.010423839,0.018994450000000003,-3.474034140709319
lcvx_100,QCOS_SOLVED,0.014607812,0.01198835,0.026596162,-3.4743024671330653
lcvx_125,QCOS_SOLVED,0.021818895,0.015985402,0.037804297,-3.474457883726906
