,status,setup_time,solve_time,run_time,obj
lcvx_5,QCOS_SOLVED,0.00016551499999999992,0.00056604273,0.00073155773,-3.455224341619946
lcvx_10,QCOS_SOLVED,0.0003530680000000003,0.0010657568500000002,0.0014188248500000007,-3.4662901389664547
lcvx_15,QCOS_SOLVED,0.0005885379999999997,0.0018196999500000005,0.0024082379500000002,-3.4694482113558722
lcvx_25,QCOS_SOLVED,0.0012765440000000014,0.0028301265399999997,0.004106670540000001,-3.4718071419438967
lcvx_50,QCOS_SOLVED,0.004079796000000008,0.00597768417,0.010057480170000006,-3.473491639317773
lcvx_75,QCOS_SOLVED,0.008289691999999986,0.00928468659,0.017574378589999985,-3.474034140709319
lcvx_100,QCOS_SOLVED,0.014050362999999975,0.011560988009999997,0.02561135100999997,-3.4743024671330653
lcvx_125,QCOS_SOLVED,0.02149403100000002,0.01544478663,0.03693881763000002,-3.474457883726906
