,status,setup_time,solve_time,run_time,obj
lcvx_5,QCOS_SOLVED,0.00016070299999999997,0.0005247779599999999,0.0006854809599999999,-3.455224341619946
lcvx_10,QCOS_SOLVED,0.0003537579999999998,0.0010152801499999997,0.0013690381499999996,-3.4662901389664547
lcvx_15,QCOS_SOLVED,0.0005746459999999995,0.0017885566299999992,0.002363202629999999,-3.4694482113558722
lcvx_25,QCOS_SOLVED,0.0012527519999999987,0.00271807172,0.003970823719999999,-3.4718071419438967
lcvx_50,QCOS_SOLVED,0.0038543149999999975,0.005489620580000001,0.009343935579999997,-3.473491639317773
lcvx_75,QCOS_SOLVED,0.007831362999999987,0.00864540753,0.016476770529999987,-3.474034140709319
lcvx_100,QCOS_SOLVED,0.013554327000000017,0.011183867770000001,0.02473819477000002,-3.4743024671330653
lcvx_125,QCOS_SOLVED,0.021302917999999962,0.01563000705999999,0.036932925059999955,-3.474457883726906
