,status,setup_time,solve_time,run_time,obj
lcvx_5,QCOS_SOLVED,0.00016371700000000034,0.0005517769699999999,0.0007154939700000002,-3.455224341619946
lcvx_10,QCOS_SOLVED,0.000355859,0.0010509314500000001,0.00140679045,-3.4662901389664547
lcvx_15,QCOS_SOLVED,0.0005995729999999992,0.0017728560899999996,0.002372429089999999,-3.4694482113558722
lcvx_25,QCOS_SOLVED,0.0012764970000000008,0.0028176320199999987,0.00409412902,-3.4718071419438967
lcvx_50,QCOS_SOLVED,0.003914032000000007,0.005582767199999998,0.009496799200000006,-3.473491639317773
lcvx_75,QCOS_SOLVED,0.008083764999999991,0.008953932719999998,0.017037697719999988,-3.474034140709319
lcvx_100,QCOS_SOLVED,0.013646989000000005,0.011404816269999998,0.02505180527,-3.4743024671330653
lcvx_125,QCOS_SOLVED,0.021171995,0.015140356839999994,0.03631235183999999,-3.474457883726906
