,status,setup_time,solve_time,run_time,obj
lcvx_5,optimal,,0.0003198782280000004,0.0003198782280000004,-3.4552289637351166
lcvx_10,optimal,,0.0006277392220000012,0.0006277392220000012,-3.4662952177349626
lcvx_15,optimal,,0.0009990260500000003,0.0009990260500000003,-3.4694502835376384
lcvx_25,optimal,,0.001749420804999999,0.001749420804999999,-3.4718124891043276
lcvx_50,optimal,,0.0033105118529999974,0.0033105118529999974,-3.4734931525442674
lcvx_75,optimal,,0.005904887128000005,0.005904887128000005,-3.4740381143809915
lcvx_100,optimal,,0.007453982721000011,0.007453982721000011,-3.474304187131697
lcvx_125,optimal,,0.010542976747,0.010542976747,-3.474464696350128
