,status,setup_time,solve_time,run_time,obj
lcvx_5,QCOS_SOLVED,0.00018139399999999998,0.0005853410000000002,0.0007667350000000002,-3.455224341619946
lcvx_10,QCOS_SOLVED,0.0003860060000000007,0.0011342199399999996,0.0015202259400000002,-3.4662901389664547
lcvx_15,QCOS_SOLVED,0.0006405309999999998,0.0018691196399999996,0.0025096506399999996,-3.4694482113558722
lcvx_25,QCOS_SOLVED,0.0013460220000000014,0.0029324798799999986,0.00427850188,-3.4718071419438967
lcvx_50,QCOS_SOLVED,0.004144064000000002,0.005870939799999999,0.010015003800000002,-3.473491639317773
lcvx_75,QCOS_SOLVED,0.008361885000000012,0.0092888302,0.01765071520000001,-3.474034140709319
lcvx_100,QCOS_SOLVED,0.01423913400000002,0.011729246049999998,0.025968380050000017,-3.4743024671330653
lcvx_125,QCOS_SOLVED,0.021445511000000025,0.01573377676999999,0.037179287770000014,-3.474457883726906
