,nvar,status,setup_time,solve_time,run_time,obj
lcvx_15,176,optimal,,0.000590354,0.000590354,-3.4694401075015855
lcvx_50,561,optimal,,0.001914464,0.001914464,-3.4734845049939453
lcvx_75,836,optimal,,0.003562024,0.003562024,-3.4740306959851313
lcvx_100,1111,optimal,,0.00680752,0.00680752,-3.4742992590997512
lcvx_125,1386,optimal,,0.007442637,0.007442637,-3.4744625477488964
