,nvar,status,setup_time,solve_time,run_time,obj
lcvx_15,176,optimal,,0.000976482,0.000976482,-3.469446294866147
lcvx_25,286,optimal,,0.001702501000000023,0.001702501000000023,-3.4718086821069316
lcvx_50,561,optimal,,0.003193906,0.003193906,-3.4734905815669523
lcvx_75,836,optimal,,0.005907591,0.005907591,-3.4740359778340775
lcvx_100,1111,optimal,,0.009971257,0.009971257,-3.474304988156506
lcvx_125,1386,optimal,,0.011090653,0.011090653,-3.47446479191777
