,nvar,status,setup_time,solve_time,run_time,obj
lcvx_15,176,optimal,,0.00095017,0.00095017,-3.469446294866147
lcvx_25,286,optimal,,0.001736972,0.001736972,-3.4718086821069316
lcvx_50,561,optimal,,0.003226015,0.003226015,-3.4734905815669523
lcvx_75,836,optimal,,0.005952054,0.005952054,-3.4740359778340775
lcvx_100,1111,optimal,,0.007551659,0.007551659,-3.474304988156506
lcvx_125,1386,optimal,,0.01133335,0.01133335,-3.47446479191777
