,nvar,status,setup_time,solve_time,run_time,obj
lcvx_15,176,optimal,,0.000951612,0.000951612,-3.469446294866147
lcvx_25,286,optimal,,0.001697947,0.001697947,-3.4718086821069316
lcvx_50,561,optimal,,0.003202147,0.003202147,-3.4734905815669523
lcvx_75,836,optimal,,0.006344952,0.006344952,-3.4740359778340775
lcvx_100,1111,optimal,,0.007708287,0.007708287,-3.474304988156506
lcvx_125,1386,optimal,,0.010968027,0.010968027,-3.47446479191777
