,nvar,status,setup_time,solve_time,run_time,obj
lcvx_15,176,optimal,,0.000951264,0.000951264,-3.469446294866147
lcvx_25,286,optimal,,0.001743887,0.001743887,-3.4718086821069316
lcvx_50,561,optimal,,0.003238074,0.003238074,-3.4734905815669523
lcvx_75,836,optimal,,0.005935667,0.005935667,-3.4740359778340775
lcvx_100,1111,optimal,,0.007835295,0.007835295,-3.474304988156506
lcvx_125,1386,optimal,,0.011372899,0.011372899,-3.47446479191777
