,nvar,status,setup_time,solve_time,run_time,obj
lcvx_15,176,optimal,,0.0009781,0.0009781,-3.469446294866147
lcvx_25,286,optimal,,0.001703756,0.001703756,-3.4718086821069316
lcvx_50,561,optimal,,0.003223586,0.003223586,-3.4734905815669523
lcvx_75,836,optimal,,0.005939451,0.005939451,-3.4740359778340775
lcvx_100,1111,optimal,,0.007562687,0.007562687,-3.474304988156506
lcvx_125,1386,optimal,,0.010548893,0.010548893,-3.47446479191777
