,nvar,status,setup_time,solve_time,run_time,obj
lcvx_15,176,optimal,,0.0009978327310000005,0.0009978327310000005,-3.469446294866147
lcvx_25,286,optimal,,0.0017562858379999988,0.0017562858379999988,-3.4718086821069316
lcvx_50,561,optimal,,0.0033026379240000034,0.0033026379240000034,-3.4734905815669523
lcvx_75,836,optimal,,0.006974765416999992,0.006974765416999992,-3.4740359778340775
lcvx_100,1111,optimal,,0.01026010977700001,0.01026010977700001,-3.474304988156506
lcvx_125,1386,optimal,,0.01529724412000001,0.01529724412000001,-3.47446479191777
