,nvar,status,setup_time,solve_time,run_time,obj
lcvx_15,176,optimal,,0.000587489,0.000587489,-3.4694401075015855
lcvx_50,561,optimal,,0.001921167,0.001921167,-3.4734845049939453
lcvx_75,836,optimal,,0.003548288,0.003548288,-3.4740306959851313
lcvx_100,1111,optimal,,0.004739299,0.004739299,-3.4742992590997512
lcvx_125,1386,optimal,,0.007547536,0.007547536,-3.4744625477488964
