,nvar,status,setup_time,solve_time,run_time,obj
lcvx_15,176,optimal,,0.000950204,0.000950204,-3.469446294866147
lcvx_50,561,optimal,,0.003158094,0.003158094,-3.4734905815669523
lcvx_75,836,optimal,,0.006008351,0.006008351,-3.4740359778340775
lcvx_100,1111,optimal,,0.007930536,0.007930536,-3.474304988156506
lcvx_125,1386,optimal,,0.014812595,0.014812595,-3.47446479191777
