,size,status,setup_time,solve_time,run_time,obj
lcvx_15,806,optimal,,0.000575855,0.000575855,-3.4694401075015855
lcvx_50,2591,optimal,,0.001910635,0.001910635,-3.4734845049939453
lcvx_75,3866,optimal,,0.003513512,0.003513512,-3.4740306959851313
lcvx_100,5141,optimal,,0.004665987,0.004665987,-3.4742992590997512
lcvx_125,6416,optimal,,0.006968764,0.006968764,-3.4744625477488964
