,nvar,status,setup_time,solve_time,run_time,obj
lcvx_15,176,optimal,,0.000990207,0.000990207,-3.469446294866147
lcvx_25,286,optimal,,0.001763838,0.001763838,-3.4718086821069316
lcvx_50,561,optimal,,0.004219666,0.004219666,-3.4734905815669523
lcvx_75,836,optimal,,0.005939981,0.005939981,-3.4740359778340775
lcvx_100,1111,optimal,,0.009685146,0.009685146,-3.474304988156506
lcvx_125,1386,optimal,,0.01108451,0.01108451,-3.47446479191777
