,size,status,setup_time,solve_time,run_time,obj
lcvx_15,726,optimal,,0.000424795,0.000424795,-3.341049801337404
lcvx_50,2336,optimal,,0.001605353,0.001605353,-3.3512517851608687
lcvx_75,3486,optimal,,0.002559415,0.002559415,-3.3526303815452647
lcvx_100,4636,optimal,,0.003591889,0.003591889,-3.3533127391073965
lcvx_125,5786,optimal,,0.007008145,0.007008145,-3.353719767699658
