,nvar,status,setup_time,solve_time,run_time,obj
group_lasso_1,260,optimal,,0.000162219,0.000162219,6.611193984214238
group_lasso_2,520,optimal,,0.000405038,0.000405038,5.22716681573817
group_lasso_3,780,optimal,,0.000944085,0.000944085,4.8590210972471635
group_lasso_4,1040,optimal,,0.001267309,0.001267309,8.369918969193838
group_lasso_5,1300,optimal,,0.001484646,0.001484646,8.275613927558563
