,nvar,status,setup_time,solve_time,run_time,obj
group_lasso_1,260,optimal,,0.000171798,0.000171798,6.611193984214238
group_lasso_2,520,optimal,,0.000430197,0.000430197,5.22716681573817
group_lasso_3,780,optimal,,0.000831885,0.000831885,4.8590210972471635
group_lasso_4,1040,optimal,,0.001192645,0.001192645,8.369918969193838
group_lasso_5,1300,optimal,,0.001540519,0.001540519,8.275613927558563
