,size,status,setup_time,solve_time,run_time,obj
group_lasso_1,761,optimal,,0.000171988,0.000171988,6.611193984214238
group_lasso_2,2022,optimal,,0.000445288,0.000445288,5.22716681573817
group_lasso_3,3783,optimal,,0.000846293,0.000846293,4.8590210972471635
group_lasso_4,6044,optimal,,0.001231543,0.001231543,8.369918969193838
group_lasso_5,8805,optimal,,0.002032654,0.002032654,8.275613927558563
