,nvar,status,setup_time,solve_time,run_time,obj
group_lasso_1,260,optimal,,0.0002675,0.0002675,6.611193984214115
group_lasso_2,520,optimal,,0.000736978,0.000736978,5.227166815738147
group_lasso_3,780,optimal,,0.00109429,0.00109429,4.859021097245746
group_lasso_4,1040,optimal,,0.001581211,0.001581211,8.369918969193941
group_lasso_5,1300,optimal,,0.003645196,0.003645196,8.275613927558018
