,status,setup_time,solve_time,run_time,obj
robust_kalman_filter_25,optimal,0.0,0.0010430467400000005,0.0010430467400000005,706.0121841010705
robust_kalman_filter_50,optimal,0.0,0.0022674285899999995,0.0022674285899999995,1710.461357965284
robust_kalman_filter_75,optimal,0.0,0.003342789510000001,0.003342789510000001,3201.5553369538766
robust_kalman_filter_100,optimal,0.0,0.004533016439999999,0.004533016439999999,4708.570496707399
robust_kalman_filter_125,optimal,0.0,0.006603267920000002,0.006603267920000002,5060.296896333925
robust_kalman_filter_150,optimal,0.0,0.008083752150000002,0.008083752150000002,5427.660738589895
robust_kalman_filter_175,optimal,0.0,0.00888348118,0.00888348118,8490.26660962643
