,status,setup_time,solve_time,run_time,obj
robust_kalman_filter_25,optimal,0.0,0.0009707547000000002,0.0009707547000000002,706.0121841010705
robust_kalman_filter_50,optimal,0.0,0.0020355478899999986,0.0020355478899999986,1710.461357965284
robust_kalman_filter_75,optimal,0.0,0.0030953889400000003,0.0030953889400000003,3201.5553369538766
robust_kalman_filter_100,optimal,0.0,0.004100172740000001,0.004100172740000001,4708.570496707399
robust_kalman_filter_125,optimal,0.0,0.006152287639999999,0.006152287639999999,5060.296896333925
robust_kalman_filter_150,optimal,0.0,0.0077806724500000006,0.0077806724500000006,5427.660738589895
robust_kalman_filter_175,optimal,0.0,0.008652604559999996,0.008652604559999996,8490.26660962643
