,status,setup_time,solve_time,run_time,obj
robust_kalman_filter_25,optimal,0.0,0.0010912379000000002,0.0010912379000000002,706.0121841010705
robust_kalman_filter_50,optimal,0.0,0.0023119738799999992,0.0023119738799999992,1710.461357965284
robust_kalman_filter_75,optimal,0.0,0.0033843491300000013,0.0033843491300000013,3201.5553369538766
robust_kalman_filter_100,optimal,0.0,0.00479512288,0.00479512288,4708.570496707399
robust_kalman_filter_125,optimal,0.0,0.006714169689999998,0.006714169689999998,5060.296896333925
robust_kalman_filter_150,optimal,0.0,0.008381111400000002,0.008381111400000002,5427.660738589895
robust_kalman_filter_175,optimal,0.0,0.009067665149999998,0.009067665149999998,8490.26660962643
robust_kalman_filter_300,optimal,0.0,0.016981577639999995,0.016981577639999995,13227.527225428825
robust_kalman_filter_500,optimal,0.0,0.024757240289999996,0.024757240289999996,19557.656007667676
