,status,setup_time,solve_time,run_time,obj
robust_kalman_filter_25,optimal,,0.00102435,0.00102435,706.0121841010705
robust_kalman_filter_50,optimal,,0.002134149,0.002134149,1710.461357965284
robust_kalman_filter_75,optimal,,0.0031972,0.0031972,3201.5553369538766
robust_kalman_filter_100,optimal,,0.004193357,0.004193357,4708.570496707399
robust_kalman_filter_125,optimal,,0.006221223,0.006221223,5060.296896333925
robust_kalman_filter_150,optimal,,0.007772843,0.007772843,5427.660738589895
robust_kalman_filter_175,optimal,,0.008603068,0.008603068,8490.26660962643
