,status,setup_time,solve_time,run_time,obj
robust_kalman_filter_25,optimal,0.0,0.0009538403000000001,0.0009538403000000001,706.0121841010705
robust_kalman_filter_50,optimal,0.0,0.00204364734,0.00204364734,1710.461357965284
robust_kalman_filter_75,optimal,0.0,0.0031036749100000005,0.0031036749100000005,3201.5553369538766
robust_kalman_filter_100,optimal,0.0,0.004133661560000002,0.004133661560000002,4708.570496707399
robust_kalman_filter_125,optimal,0.0,0.006234918079999997,0.006234918079999997,5060.296896333925
robust_kalman_filter_150,optimal,0.0,0.007734864929999997,0.007734864929999997,5427.660738589895
robust_kalman_filter_175,optimal,0.0,0.008502306869999999,0.008502306869999999,8490.26660962643
