,status,setup_time,solve_time,run_time,obj
robust_kalman_filter_25,optimal,0.0,0.0009816558199999999,0.0009816558199999999,706.0121841010705
robust_kalman_filter_50,optimal,0.0,0.00225893454,0.00225893454,1710.461357965284
robust_kalman_filter_75,optimal,0.0,0.0033058057199999995,0.0033058057199999995,3201.5553369538766
robust_kalman_filter_100,optimal,0.0,0.004370377179999999,0.004370377179999999,4708.570496707399
robust_kalman_filter_125,optimal,0.0,0.006401271329999999,0.006401271329999999,5060.296896333925
robust_kalman_filter_150,optimal,0.0,0.008168083609999998,0.008168083609999998,5427.660738589895
robust_kalman_filter_175,optimal,0.0,0.009422618429999998,0.009422618429999998,8490.26660962643
