,status,setup_time,solve_time,run_time,obj
robust_kalman_filter_25,optimal,0.0,0.0009841977500000003,0.0009841977500000003,706.0121841010705
robust_kalman_filter_50,optimal,0.0,0.0021555744500000003,0.0021555744500000003,1710.461357965284
robust_kalman_filter_75,optimal,0.0,0.00320595804,0.00320595804,3201.5553369538766
robust_kalman_filter_100,optimal,0.0,0.004425957200000002,0.004425957200000002,4708.570496707399
robust_kalman_filter_125,optimal,0.0,0.006463434399999999,0.006463434399999999,5060.296896333925
robust_kalman_filter_150,optimal,0.0,0.00789334991,0.00789334991,5427.660738589895
robust_kalman_filter_175,optimal,0.0,0.009035669509999998,0.009035669509999998,8490.26660962643
