,status,setup_time,solve_time,run_time,obj
robust_kalman_filter_25,optimal,0.0,0.0009901756900000003,0.0009901756900000003,706.0121841010705
robust_kalman_filter_50,optimal,0.0,0.0020373987100000004,0.0020373987100000004,1710.461357965284
robust_kalman_filter_75,optimal,0.0,0.00324744112,0.00324744112,3201.5553369538766
robust_kalman_filter_100,optimal,0.0,0.00419987505,0.00419987505,4708.570496707399
robust_kalman_filter_125,optimal,0.0,0.006379961289999997,0.006379961289999997,5060.296896333925
robust_kalman_filter_150,optimal,0.0,0.008351390050000001,0.008351390050000001,5427.660738589895
robust_kalman_filter_175,optimal,0.0,0.008876877629999997,0.008876877629999997,8490.26660962643
