,status,setup_time,solve_time,run_time,obj
robust_kalman_filter_25,optimal,0.00016760379999999992,0.0021729232600000005,0.0023405270600000004,706.0121853511022
robust_kalman_filter_50,optimal,0.00032723435000000004,0.004559274300000003,0.004886508650000003,1710.461357316171
robust_kalman_filter_75,optimal,0.00051612873,0.008630989759999997,0.009147118489999996,3201.555337240859
robust_kalman_filter_100,optimal,0.0006666433499999998,0.01059240983,0.01125905318,4708.5704990070435
robust_kalman_filter_125,optimal,0.0008717203500000002,0.015940760460000005,0.016812480810000006,5060.2968964734555
robust_kalman_filter_150,optimal,0.0012265777100000002,0.02071792837,0.02194450608,5427.660740147913
robust_kalman_filter_175,optimal,0.0014392787399999996,0.023519997100000002,0.024959275840000003,8490.266613805958
