,status,setup_time,solve_time,run_time,obj
robust_kalman_filter_25,optimal,0.00015485643999999996,0.0020402069500000007,0.0021950633900000007,706.0121853511022
robust_kalman_filter_50,optimal,0.00029577351,0.004242756729999998,0.004538530239999998,1710.461357316171
robust_kalman_filter_75,optimal,0.0004781192900000002,0.008183086070000003,0.008661205360000002,3201.555337240859
robust_kalman_filter_100,optimal,0.0006345886100000002,0.01017433745,0.01080892606,4708.5704990070435
robust_kalman_filter_125,optimal,0.0008303122300000001,0.0153720486,0.016202360830000002,5060.2968964734555
robust_kalman_filter_150,optimal,0.0010426373299999999,0.018178929309999994,0.019221566639999993,5427.660740147913
robust_kalman_filter_175,optimal,0.0012738861199999992,0.02070826192,0.021982148039999996,8490.266613805958
