,status,setup_time,solve_time,run_time,obj
robust_kalman_filter_25,optimal,0.00018453061000000003,0.0022898463199999995,0.0024743769299999992,706.0121853511022
robust_kalman_filter_50,optimal,0.00033092261000000004,0.004634225939999999,0.0049651485499999995,1710.461357316171
robust_kalman_filter_75,optimal,0.0005302030399999999,0.008887270200000002,0.009417473240000003,3201.555337240859
robust_kalman_filter_100,optimal,0.0006915551299999999,0.011033311019999997,0.011724866149999996,4708.5704990070435
robust_kalman_filter_125,optimal,0.00087438711,0.016209474779999993,0.017083861889999993,5060.2968964734555
robust_kalman_filter_150,optimal,0.0010876198800000003,0.01877759270000001,0.01986521258000001,5427.660740147913
robust_kalman_filter_175,optimal,0.0013090977100000002,0.021321035250000002,0.022630132960000004,8490.266613805958
robust_kalman_filter_300,optimal,0.0026525762000000007,0.047087716669999995,0.049740292869999994,13227.527229991212
robust_kalman_filter_500,optimal,0.005485038169999999,0.07770421747000002,0.08318925564,19557.656057872322
