,status,setup_time,solve_time,run_time,obj
robust_kalman_filter_25,optimal,0.00016684506999999998,0.00214481511,0.00231166018,706.0121853511022
robust_kalman_filter_50,optimal,0.00032293077000000004,0.004653517870000001,0.004976448640000001,1710.461357316171
robust_kalman_filter_75,optimal,0.0005138539800000002,0.0086643222,0.009178176179999999,3201.555337240859
robust_kalman_filter_100,optimal,0.0006721526199999999,0.010936925039999998,0.011609077659999998,4708.5704990070435
robust_kalman_filter_125,optimal,0.00087604242,0.016244148349999998,0.017120190769999998,5060.2968964734555
robust_kalman_filter_150,optimal,0.0010770576099999997,0.018522222539999994,0.019599280149999995,5427.660740147913
robust_kalman_filter_175,optimal,0.0012837589200000005,0.021198539350000004,0.022482298270000006,8490.266613805958
