,status,setup_time,solve_time,run_time,obj
robust_kalman_filter_25,optimal,0.00015400582,0.0019910533400000004,0.0021450591600000006,706.0121853511022
robust_kalman_filter_50,optimal,0.00030070168,0.00425746501,0.0045581666900000005,1710.461357316171
robust_kalman_filter_75,optimal,0.00047890775,0.00816350002,0.00864240777,3201.555337240859
robust_kalman_filter_100,optimal,0.0006364856399999999,0.010191019229999996,0.010827504869999996,4708.5704990070435
robust_kalman_filter_125,optimal,0.0008386592499999998,0.015329625600000006,0.016168284850000006,5060.2968964734555
robust_kalman_filter_150,optimal,0.0010294778599999998,0.017708745959999998,0.018738223819999997,5427.660740147913
robust_kalman_filter_175,optimal,0.0012482729200000006,0.020543656909999996,0.021791929829999997,8490.266613805958
