,status,setup_time,solve_time,run_time,obj
robust_kalman_filter_25,optimal,0.00017081564000000007,0.0021556553399999993,0.0023264709799999993,706.0121853511022
robust_kalman_filter_50,optimal,0.0003193546499999999,0.004375921160000001,0.004695275810000001,1710.461357316171
robust_kalman_filter_75,optimal,0.0004947708600000002,0.008375214910000001,0.008869985770000002,3201.555337240859
robust_kalman_filter_100,optimal,0.0006664843900000001,0.010679094439999995,0.011345578829999994,4708.5704990070435
robust_kalman_filter_125,optimal,0.00085500993,0.01566274822,0.016517758150000002,5060.2968964734555
robust_kalman_filter_150,optimal,0.00106947624,0.01828810002999999,0.019357576269999992,5427.660740147913
robust_kalman_filter_175,optimal,0.0013220643000000005,0.021499181620000002,0.02282124592,8490.266613805958
