,status,setup_time,solve_time,run_time,obj
robust_kalman_filter_25,optimal,0.00015639277,0.00204635165,0.00220274442,706.0121853511022
robust_kalman_filter_50,optimal,0.00030327854000000004,0.00427545439,0.00457873293,1710.461357316171
robust_kalman_filter_75,optimal,0.00050506882,0.008573941449999997,0.009079010269999998,3201.555337240859
robust_kalman_filter_100,optimal,0.00065010079,0.010351869890000002,0.011001970680000004,4708.5704990070435
robust_kalman_filter_125,optimal,0.00088200535,0.01601373927999999,0.01689574462999999,5060.2968964734555
robust_kalman_filter_150,optimal,0.0011384496,0.019139830290000007,0.020278279890000007,5427.660740147913
robust_kalman_filter_175,optimal,0.00127573139,0.02090892846,0.02218465985,8490.266613805958
