,status,setup_time,solve_time,run_time,obj
robust_kalman_filter_25,optimal,0.000229563,0.002065878,0.002295441,706.0121853511022
robust_kalman_filter_50,optimal,0.000371294,0.00431648,0.0046877740000000005,1710.461357316171
robust_kalman_filter_75,optimal,0.000567337,0.008290007,0.008857344,3201.555337240859
robust_kalman_filter_100,optimal,0.000753556,0.010055635,0.010809191000000001,4708.5704990070435
robust_kalman_filter_125,optimal,0.000931292,0.015144052,0.016075344,5060.2968964734555
robust_kalman_filter_150,optimal,0.001107914,0.017595193,0.018703107,5427.660740147913
robust_kalman_filter_175,optimal,0.001277036,0.02014143,0.021418465999999997,8490.266613805958
