,status,setup_time,solve_time,run_time,obj
robust_kalman_filter_25,optimal,0.0,0.0021082046162337067,0.0021082046162337067,706.0121803034675
robust_kalman_filter_50,optimal,0.0,0.0046012362593319265,0.0046012362593319265,1710.46135682874
robust_kalman_filter_75,optimal,0.0,0.007436426610220224,0.007436426610220224,3201.5553367215584
robust_kalman_filter_100,optimal,0.0,0.010741840985720046,0.010741840985720046,4708.570495602045
robust_kalman_filter_125,optimal,0.0,0.015154830578831024,0.015154830578831024,5060.296896282563
robust_kalman_filter_150,optimal,0.0,0.017290574533399196,0.017290574533399196,5427.660738581423
robust_kalman_filter_175,optimal,0.0,0.019403283892315812,0.019403283892315812,8490.266609553613
