,status,setup_time,solve_time,run_time,obj
robust_kalman_filter_25,optimal,0.0,0.0021652006404474376,0.0021652006404474376,706.0121803034675
robust_kalman_filter_50,optimal,0.0,0.004578727366751991,0.004578727366751991,1710.46135682874
robust_kalman_filter_75,optimal,0.0,0.007723050099448301,0.007723050099448301,3201.5553367215584
robust_kalman_filter_100,optimal,0.0,0.010631352847558445,0.010631352847558445,4708.570495602045
robust_kalman_filter_125,optimal,0.0,0.015651567269815134,0.015651567269815134,5060.296896282563
robust_kalman_filter_150,optimal,0.0,0.01584756275638938,0.01584756275638938,5427.660738581423
robust_kalman_filter_175,optimal,0.0,0.018715561131830327,0.018715561131830327,8490.266609553613
