,status,setup_time,solve_time,run_time,obj
robust_kalman_filter_25,optimal,0.0,0.002016747429734096,0.002016747429734096,706.0121803034675
robust_kalman_filter_50,optimal,0.0,0.004250665495637804,0.004250665495637804,1710.46135682874
robust_kalman_filter_75,optimal,0.0,0.006984464142005891,0.006984464142005891,3201.5553367215584
robust_kalman_filter_100,optimal,0.0,0.0113026786793489,0.0113026786793489,4708.570495602045
robust_kalman_filter_125,optimal,0.0,0.015093259295681491,0.015093259295681491,5060.296896282563
robust_kalman_filter_150,optimal,0.0,0.017724735948140734,0.017724735948140734,5427.660738581423
robust_kalman_filter_175,optimal,0.0,0.019215074117528274,0.019215074117528274,8490.266609553613
