,status,setup_time,solve_time,run_time,obj
robust_kalman_filter_25,optimal,0.0,0.002065039451699704,0.002065039451699704,706.0121803034675
robust_kalman_filter_50,optimal,0.0,0.004508535420754924,0.004508535420754924,1710.46135682874
robust_kalman_filter_75,optimal,0.0,0.008138706148019991,0.008138706148019991,3201.5553367215584
robust_kalman_filter_100,optimal,0.0,0.011279831147985532,0.011279831147985532,4708.570495602045
robust_kalman_filter_125,optimal,0.0,0.014756083033280448,0.014756083033280448,5060.296896282563
robust_kalman_filter_150,optimal,0.0,0.017194541149656288,0.017194541149656288,5427.660738581423
robust_kalman_filter_175,optimal,0.0,0.020260165586369113,0.020260165586369113,8490.266609553613
