,status,setup_time,solve_time,run_time,obj
robust_kalman_filter_25,optimal,0.0,0.0023478103178786115,0.0023478103178786115,706.0121803034675
robust_kalman_filter_50,optimal,0.0,0.004516703661647625,0.004516703661647625,1710.46135682874
robust_kalman_filter_75,optimal,0.0,0.0077035697409883145,0.0077035697409883145,3201.5553367215584
robust_kalman_filter_100,optimal,0.0,0.011465673721395432,0.011465673721395432,4708.570495602045
robust_kalman_filter_125,optimal,0.0,0.01565749392088037,0.01565749392088037,5060.296896282563
robust_kalman_filter_150,optimal,0.0,0.01728740338992793,0.01728740338992793,5427.660738581423
robust_kalman_filter_175,optimal,0.0,0.01911679076089058,0.01911679076089058,8490.266609553613
robust_kalman_filter_300,optimal,0.0,0.03454900485405233,0.03454900485405233,13227.527225331543
robust_kalman_filter_500,optimal,0.0,0.06276228152040858,0.06276228152040858,19557.65600501922
