,status,setup_time,solve_time,run_time,obj
robust_kalman_filter_25,optimal,,0.0004193084499999998,0.0004193084499999998,706.0121861791589
robust_kalman_filter_50,optimal,,0.0010302938500000003,0.0010302938500000003,1710.4613614832517
robust_kalman_filter_75,optimal,,0.001679512744000001,0.001679512744000001,3201.555339460809
robust_kalman_filter_100,optimal,,0.002482186936000001,0.002482186936000001,4708.570500430293
robust_kalman_filter_125,optimal,,0.003044981540000002,0.003044981540000002,5060.296900704337
robust_kalman_filter_150,optimal,,0.003975803157000005,0.003975803157000005,5427.660738966173
robust_kalman_filter_175,optimal,,0.004383108279999998,0.004383108279999998,8490.26661076642
