,status,setup_time,solve_time,run_time,obj
robust_kalman_filter_25,optimal,,0.0004107731450000004,0.0004107731450000004,706.0121861791589
robust_kalman_filter_50,optimal,,0.0009743355110000016,0.0009743355110000016,1710.4613614832517
robust_kalman_filter_75,optimal,,0.001588098381,0.001588098381,3201.555339460809
robust_kalman_filter_100,optimal,,0.0022867821540000018,0.0022867821540000018,4708.570500430293
robust_kalman_filter_125,optimal,,0.003288180966000001,0.003288180966000001,5060.296900704337
robust_kalman_filter_150,optimal,,0.0037762026560000006,0.0037762026560000006,5427.660738966173
robust_kalman_filter_175,optimal,,0.004340214256999996,0.004340214256999996,8490.26661076642
