,status,setup_time,solve_time,run_time,obj
robust_kalman_filter_25,QCOS_SOLVED,0.0004918900000000012,0.0007966881299999995,0.0012885781300000006,706.0121861791429
robust_kalman_filter_50,QCOS_SOLVED,0.0014601469999999976,0.00185459773,0.0033147447299999976,1710.4613614834739
robust_kalman_filter_75,QCOS_SOLVED,0.003021015999999993,0.0030594795100000005,0.006080495509999994,3201.5553394606663
robust_kalman_filter_100,QCOS_SOLVED,0.005328577999999986,0.0041294288099999995,0.009458006809999985,4708.570500430413
robust_kalman_filter_125,QCOS_SOLVED,0.008011619999999999,0.00577711055,0.013788730549999996,5060.296900704194
robust_kalman_filter_150,QCOS_SOLVED,0.010891302000000002,0.006780132459999999,0.017671434460000003,5427.660738966577
robust_kalman_filter_175,QCOS_SOLVED,0.014812628000000033,0.008057888070000001,0.02287051607000003,8490.266610765433
