,status,setup_time,solve_time,run_time,obj
robust_kalman_filter_25,optimal,,0.00046766685699999993,0.00046766685699999993,706.0121861791589
robust_kalman_filter_50,optimal,,0.0010364644639999994,0.0010364644639999994,1710.4613614832517
robust_kalman_filter_75,optimal,,0.0016190719479999987,0.0016190719479999987,3201.555339460809
robust_kalman_filter_100,optimal,,0.0022104689870000005,0.0022104689870000005,4708.570500430293
robust_kalman_filter_125,optimal,,0.0031262064979999974,0.0031262064979999974,5060.296900704337
robust_kalman_filter_150,optimal,,0.003763269130999999,0.003763269130999999,5427.660738966173
robust_kalman_filter_175,optimal,,0.005071337355000002,0.005071337355000002,8490.26661076642
