,status,setup_time,solve_time,run_time,obj
robust_kalman_filter_25,QCOS_SOLVED,0.0005208729999999997,0.00084434019,0.0013652131899999998,706.0121861791429
robust_kalman_filter_50,QCOS_SOLVED,0.0016378740000000014,0.002021508869999999,0.00365938287,1710.4613614834739
robust_kalman_filter_75,QCOS_SOLVED,0.003205449999999999,0.0031702952,0.0063757452,3201.5553394606663
robust_kalman_filter_100,QCOS_SOLVED,0.005461125999999998,0.0043727352500000025,0.00983386125,4708.570500430413
robust_kalman_filter_125,QCOS_SOLVED,0.00826148299999999,0.005909332569999998,0.014170815569999988,5060.296900704194
robust_kalman_filter_150,QCOS_SOLVED,0.011190284999999998,0.006924861109999996,0.018115146109999994,5427.660738966577
robust_kalman_filter_175,QCOS_SOLVED,0.01496800200000002,0.008156725369999996,0.023124727370000014,8490.266610765433
