,status,setup_time,solve_time,run_time,obj
robust_kalman_filter_25,QCOS_SOLVED,0.000494672000000001,0.0008352648099999999,0.0013299368100000008,706.0121861791429
robust_kalman_filter_50,QCOS_SOLVED,0.001438254,0.0017786586900000007,0.0032169126900000004,1710.4613614834739
robust_kalman_filter_75,QCOS_SOLVED,0.003067317000000008,0.0030580539999999993,0.006125371000000008,3201.5553394606663
robust_kalman_filter_100,QCOS_SOLVED,0.00514596299999999,0.00409468205,0.00924064504999999,4708.570500430413
robust_kalman_filter_125,QCOS_SOLVED,0.007788443000000006,0.005598464309999998,0.013386907310000003,5060.296900704194
robust_kalman_filter_150,QCOS_SOLVED,0.01144813,0.007068920790000003,0.018517050790000003,5427.660738966577
robust_kalman_filter_175,QCOS_SOLVED,0.014528647999999983,0.00784839665,0.022377044649999983,8490.266610765433
