,status,setup_time,solve_time,run_time,obj
robust_kalman_filter_25,QCOS_SOLVED,0.0004978399999999995,0.0007750344699999997,0.0012728744699999994,706.0121861791429
robust_kalman_filter_50,QCOS_SOLVED,0.001472808000000001,0.00178696404,0.003259772040000001,1710.4613614834739
robust_kalman_filter_75,QCOS_SOLVED,0.0029905020000000043,0.00296284775,0.005953349750000004,3201.5553394606663
robust_kalman_filter_100,QCOS_SOLVED,0.005025302000000006,0.003966548079999997,0.008991850080000004,4708.570500430413
robust_kalman_filter_125,QCOS_SOLVED,0.007629446000000009,0.005467170969999999,0.01309661697000001,5060.296900704194
robust_kalman_filter_150,QCOS_SOLVED,0.010641334,0.006598247460000005,0.017239581460000007,5427.660738966577
robust_kalman_filter_175,QCOS_SOLVED,0.014327953000000003,0.007727242320000003,0.022055195320000002,8490.266610765433
