,status,setup_time,solve_time,run_time,obj
robust_kalman_filter_25,optimal,,0.00045731258000000004,0.00045731258000000004,706.0121861791589
robust_kalman_filter_50,optimal,,0.00102464616,0.00102464616,1710.4613614832517
robust_kalman_filter_75,optimal,,0.0017997298400000005,0.0017997298400000005,3201.555339460809
robust_kalman_filter_100,optimal,,0.0023120662499999996,0.0023120662499999996,4708.570500430293
robust_kalman_filter_125,optimal,,0.003132697519999999,0.003132697519999999,5060.296900704337
robust_kalman_filter_150,optimal,,0.003871724600000003,0.003871724600000003,5427.660738966173
robust_kalman_filter_175,optimal,,0.00444278795,0.00444278795,8490.26661076642
