,status,setup_time,solve_time,run_time,obj
robust_kalman_filter_25,QCOS_SOLVED,0.0005076899999999998,0.00079309456,0.0013007845599999999,706.0121861791429
robust_kalman_filter_50,QCOS_SOLVED,0.0014987680000000004,0.0017988120400000008,0.003297580040000001,1710.4613614834739
robust_kalman_filter_75,QCOS_SOLVED,0.0029786459999999963,0.0029923281299999997,0.005970974129999996,3201.5553394606663
robust_kalman_filter_100,QCOS_SOLVED,0.004988808999999993,0.004004300439999999,0.008993109439999992,4708.570500430413
robust_kalman_filter_125,QCOS_SOLVED,0.007624406000000019,0.005470578460000002,0.013094984460000021,5060.296900704194
robust_kalman_filter_150,QCOS_SOLVED,0.010815729000000019,0.006692496090000002,0.01750822509000002,5427.660738966577
robust_kalman_filter_175,QCOS_SOLVED,0.014470111000000006,0.007753540010000001,0.02222365101000001,8490.266610765433
