,status,setup_time,solve_time,run_time,obj
robust_kalman_filter_25,optimal,,0.00042611466500000044,0.00042611466500000044,706.0121861791589
robust_kalman_filter_50,optimal,,0.0010024781220000006,0.0010024781220000006,1710.4613614832517
robust_kalman_filter_75,optimal,,0.0016258272330000024,0.0016258272330000024,3201.555339460809
robust_kalman_filter_100,optimal,,0.002233179639,0.002233179639,4708.570500430293
robust_kalman_filter_125,optimal,,0.003058789383000006,0.003058789383000006,5060.296900704337
robust_kalman_filter_150,optimal,,0.004067933209000004,0.004067933209000004,5427.660738966173
robust_kalman_filter_175,optimal,,0.004733858892000001,0.004733858892000001,8490.26661076642
