,status,setup_time,solve_time,run_time,obj
robust_kalman_filter_25,QCOS_SOLVED,0.000479279,0.00078307,0.0012623489999999998,706.0121861791429
robust_kalman_filter_50,QCOS_SOLVED,0.001502069,0.001815316,0.003317385,1710.4613614834739
robust_kalman_filter_75,QCOS_SOLVED,0.002973016,0.002939045,0.005912061,3201.5553394606663
robust_kalman_filter_100,QCOS_SOLVED,0.00492491,0.003911995,0.008836904999999999,4708.570500430413
robust_kalman_filter_125,QCOS_SOLVED,0.007486614,0.005261972,0.012748586,5060.296900704194
robust_kalman_filter_150,QCOS_SOLVED,0.010572446,0.006498732,0.017071178,5427.660738966577
robust_kalman_filter_175,QCOS_SOLVED,0.014160804,0.007453197,0.021614001,8490.266610765433
