,status,setup_time,solve_time,run_time,obj
robust_kalman_filter_25,QCOS_SOLVED,0.00026256100000000046,0.0008197474900000001,0.0010823084900000006,706.0121861793388
robust_kalman_filter_50,QCOS_SOLVED,0.0006427540000000008,0.0018611943100000003,0.002503948310000001,1710.4613614834177
robust_kalman_filter_75,QCOS_SOLVED,0.0012795449999999963,0.003176982,0.004456526999999997,3201.555339460668
robust_kalman_filter_100,QCOS_SOLVED,0.0020171880000000027,0.00416620082,0.006183388820000003,4708.570500430505
robust_kalman_filter_125,QCOS_SOLVED,0.0038303190000000087,0.005869195790000003,0.009699514790000011,5060.296900704194
robust_kalman_filter_150,QCOS_SOLVED,0.004266704000000007,0.007146043200000003,0.011412747200000009,5427.660738966577
robust_kalman_filter_175,QCOS_SOLVED,0.006599462000000013,0.009209518160000003,0.015808980160000017,8490.266610765433
