,nvar,status,setup_time,solve_time,run_time,obj
robust_kalman_filter_25,204,optimal,,0.000326213,0.000326213,706.0121861794817
robust_kalman_filter_50,404,optimal,,0.000851189,0.000851189,1710.4613614834407
robust_kalman_filter_75,604,optimal,,0.001297214,0.001297214,3201.555339460957
robust_kalman_filter_125,1004,optimal,,0.002337253,0.002337253,5060.2969007042975
robust_kalman_filter_175,1404,optimal,,0.002556904,0.002556904,8490.266610768003
