,nvar,status,setup_time,solve_time,run_time,obj
robust_kalman_filter_25,204,optimal,,0.000429067,0.000429067,706.0121861791589
robust_kalman_filter_50,404,optimal,,0.000967633,0.000967633,1710.4613614832517
robust_kalman_filter_75,604,optimal,,0.002070819,0.002070819,3201.555339460809
robust_kalman_filter_100,804,optimal,,0.002161313,0.002161313,4708.570500430293
robust_kalman_filter_125,1004,optimal,,0.002995654,0.002995654,5060.296900704337
robust_kalman_filter_150,1204,optimal,,0.003730148,0.003730148,5427.660738966173
robust_kalman_filter_175,1404,optimal,,0.005537632,0.005537632,8490.26661076642
