,nvar,status,setup_time,solve_time,run_time,obj
robust_kalman_filter_25,204,optimal,,0.000401543,0.000401543,706.0121861791589
robust_kalman_filter_50,404,optimal,,0.000935589,0.000935589,1710.4613614832517
robust_kalman_filter_75,604,optimal,,0.001528909,0.001528909,3201.555339460809
robust_kalman_filter_125,1004,optimal,,0.002912374,0.002912374,5060.296900704337
robust_kalman_filter_175,1404,optimal,,0.00418598,0.00418598,8490.26661076642
