,nvar,status,setup_time,solve_time,run_time,obj
robust_kalman_filter_25,204,optimal,,0.000572673,0.000572673,706.0121861791589
robust_kalman_filter_50,404,optimal,,0.000929635,0.000929635,1710.4613614832517
robust_kalman_filter_75,604,optimal,,0.001536777,0.001536777,3201.555339460809
robust_kalman_filter_100,804,optimal,,0.002079857,0.002079857,4708.570500430293
robust_kalman_filter_125,1004,optimal,,0.002827661,0.002827661,5060.296900704337
robust_kalman_filter_150,1204,optimal,,0.003620744,0.003620744,5427.660738966173
robust_kalman_filter_175,1404,optimal,,0.005516335,0.005516335,8490.26661076642
