,nvar,status,setup_time,solve_time,run_time,obj
robust_kalman_filter_25,204,optimal,,0.0004271818339999998,0.0004271818339999998,706.0121861791589
robust_kalman_filter_50,404,optimal,,0.0009652239740000001,0.0009652239740000001,1710.4613614832517
robust_kalman_filter_75,604,optimal,,0.002093368354000002,0.002093368354000002,3201.555339460809
robust_kalman_filter_100,804,optimal,,0.002169275951999999,0.002169275951999999,4708.570500430293
robust_kalman_filter_125,1004,optimal,,0.002961183817,0.002961183817,5060.296900704337
robust_kalman_filter_150,1204,optimal,,0.003659717711999998,0.003659717711999998,5427.660738966173
robust_kalman_filter_175,1404,optimal,,0.004293551486000001,0.004293551486000001,8490.26661076642
