,nvar,status,setup_time,solve_time,run_time,obj
robust_kalman_filter_25,204,optimal,,0.000589902,0.000589902,706.0121861791589
robust_kalman_filter_50,404,optimal,,0.001362747,0.001362747,1710.4613614832517
robust_kalman_filter_75,604,optimal,,0.001803629,0.001803629,3201.555339460809
robust_kalman_filter_100,804,optimal,,0.002370125,0.002370125,4708.570500430293
robust_kalman_filter_125,1004,optimal,,0.003744214,0.003744214,5060.296900704337
robust_kalman_filter_150,1204,optimal,,0.003708017,0.003708017,5427.660738966173
robust_kalman_filter_175,1404,optimal,,0.0043119,0.0043119,8490.26661076642
