,nvar,status,setup_time,solve_time,run_time,obj
robust_kalman_filter_25,204,optimal,,0.000390009,0.000390009,706.0121861794817
robust_kalman_filter_50,404,optimal,,0.000776218,0.000776218,1710.4613614834407
robust_kalman_filter_75,604,optimal,,0.00095706,0.00095706,3201.555339460957
robust_kalman_filter_125,1004,optimal,,0.001785041,0.001785041,5060.2969007042975
robust_kalman_filter_175,1404,optimal,,0.002558588,0.002558588,8490.266610768003
