,nvar,status,setup_time,solve_time,run_time,obj
robust_kalman_filter_25,204,optimal,,0.000428742,0.000428742,706.0121861791589
robust_kalman_filter_50,404,optimal,,0.000990975,0.000990975,1710.4613614832517
robust_kalman_filter_75,604,optimal,,0.002142884,0.002142884,3201.555339460809
robust_kalman_filter_100,804,optimal,,0.002220472,0.002220472,4708.570500430293
robust_kalman_filter_125,1004,optimal,,0.002989976,0.002989976,5060.296900704337
robust_kalman_filter_150,1204,optimal,,0.003753087,0.003753087,5427.660738966173
robust_kalman_filter_175,1404,optimal,,0.005895563,0.005895563,8490.26661076642
