,nvar,status,setup_time,solve_time,run_time,obj
robust_kalman_filter_25,204,optimal,,0.000556764,0.000556764,706.0121861791589
robust_kalman_filter_50,404,optimal,,0.001243711,0.001243711,1710.4613614832517
robust_kalman_filter_75,604,optimal,,0.00201532,0.00201532,3201.555339460809
robust_kalman_filter_100,804,optimal,,0.002166268,0.002166268,4708.570500430293
robust_kalman_filter_125,1004,optimal,,0.002989055,0.002989055,5060.296900704337
robust_kalman_filter_150,1204,optimal,,0.00469342,0.00469342,5427.660738966173
robust_kalman_filter_175,1404,optimal,,0.004313191,0.004313191,8490.26661076642
