,size,status,setup_time,solve_time,run_time,obj
robust_kalman_filter_25,775,optimal,,0.000377431,0.000377431,706.0121861794817
robust_kalman_filter_50,1550,optimal,,0.000775949,0.000775949,1710.4613614834407
robust_kalman_filter_75,2325,optimal,,0.001247809,0.001247809,3201.555339460957
robust_kalman_filter_125,3875,optimal,,0.002311817,0.002311817,5060.2969007042975
robust_kalman_filter_175,5425,optimal,,0.003351523,0.003351523,8490.266610768003
