,size,status,setup_time,solve_time,run_time,obj
oscillating_masses_8,1344,optimal,,0.000244163,0.000244163,114.55934069846013
oscillating_masses_20,3312,optimal,,0.00062364,0.00062364,183.57348974159856
