,nvar,status,setup_time,solve_time,run_time,obj
oscillating_masses_8,104,optimal,,0.000267105,0.000267105,114.55934069846013
oscillating_masses_20,248,optimal,,0.000651515,0.000651515,183.57348974159856
