,nvar,status,setup_time,solve_time,run_time,obj
oscillating_masses_8,104,optimal,,0.000242694,0.000242694,114.55959480154516
oscillating_masses_20,248,optimal,,0.000609915,0.000609915,183.574117973296
oscillating_masses_32,392,optimal,,0.001082322,0.001082322,203.0187566379331
oscillating_masses_44,536,optimal,,0.001713496,0.001713496,207.79110761625117
oscillating_masses_56,680,optimal,,0.002290418,0.002290418,208.75681864860456
