,nvar,status,setup_time,solve_time,run_time,obj
oscillating_masses_8,104,optimal,,0.000498432,0.000498432,114.5595947986843
oscillating_masses_20,248,optimal,,0.001191842,0.001191842,183.5741179755154
oscillating_masses_32,392,optimal,,0.001808074,0.001808074,203.01875663793285
oscillating_masses_44,536,optimal,,0.002826482,0.002826482,207.79110761625117
oscillating_masses_56,680,optimal,,0.004131646,0.004131646,208.75681864860454
