,nvar,status,setup_time,solve_time,run_time,obj
oscillating_masses_8,104,optimal,,0.00022743,0.00022743,114.55959480154516
oscillating_masses_20,248,optimal,,0.000599138,0.000599138,183.574117973296
oscillating_masses_32,392,optimal,,0.001069894,0.001069894,203.0187566379331
oscillating_masses_44,536,optimal,,0.001674636,0.001674636,207.79110761625117
oscillating_masses_56,680,optimal,,0.002171959,0.002171959,208.75681864860456
