,size,status,setup_time,solve_time,run_time,obj
oscillating_masses_8,1344,optimal,,0.000227418,0.000227418,114.55959480154516
oscillating_masses_20,3312,optimal,,0.00059471,0.00059471,183.574117973296
oscillating_masses_32,5280,optimal,,0.001084597,0.001084597,203.0187566379331
oscillating_masses_44,7248,optimal,,0.001691423,0.001691423,207.79110761625117
oscillating_masses_56,9216,optimal,,0.002169674,0.002169674,208.75681864860456
