,size,status,setup_time,solve_time,run_time,obj,iters
Pereyra_landmark_huber,1650512,optimal,0.0,4.072886854,4.072886854,58345.04188665734,8
Pereyra_landmark_lasso,1301568,optimal,0.0,2.015821656,2.015821656,88092.78333965188,7
HB_abb313_huber,3748,optimal,0.0,0.007581258,0.007581258,177.59246742503134,8
HB_abb313_lasso,2887,optimal,0.0,0.00899406,0.00899406,1384.791674938768,7
