,size,status,setup_time,solve_time,run_time,obj,iters
Pereyra_landmark_huber,1650512,optimal,1.143636359,9.262694858,10.406331217,58346.183946843965,16
Pereyra_landmark_lasso,1301568.0,,,,,,
HB_abb313_huber,3748,optimal,0.002287784,0.021148933,0.023436717000000003,177.59246742085836,12
HB_abb313_lasso,2887,optimal,0.001119021,0.017833895,0.018952916,1384.791698302729,20
