,size,status,setup_time,solve_time,run_time,obj,iters
Pereyra_landmark_huber,1650512,optimal,0.0,8.810862064361572,8.810862064361572,58343.539463278736,10.0
Pereyra_landmark_lasso,1301568,optimal,0.0,3.57830810546875,3.57830810546875,88092.78294906885,9.0
HB_abb313_huber,3748,optimal,0.0,0.011117935180664062,0.011117935180664062,177.59246933226115,9.0
HB_abb313_lasso,2887,optimal,0.0,0.01768207550048828,0.01768207550048828,1384.791687705551,9.0
