,size,status,setup_time,solve_time,run_time,obj,iters
Pereyra_landmark_huber,1650512,optimal,0.0,12.308132279002166,12.308132279002166,58343.539460392385,11
Pereyra_landmark_lasso,1301568,optimal,0.0,3.15136336699652,3.15136336699652,88092.78950961865,16
HB_abb313_huber,3748,optimal,0.0,0.05184982699574903,0.05184982699574903,177.59246742114104,12
HB_abb313_lasso,2887,optimal,0.0,0.03382137100561522,0.03382137100561522,1384.791728789146,13
