,size,status,setup_time,solve_time,run_time,obj,iters
Pereyra_landmark_huber,1650512,QOCO_SOLVED,7.298184657,1.821415402,9.119600059,58349.0679807174,8
Pereyra_landmark_lasso,1301568,QOCO_SOLVED,0.595538909,0.787123712,1.382662621,88092.78329492683,7
HB_abb313_huber,3748,QOCO_SOLVED,0.001032313,0.003561768,0.004594081,177.59246788291762,8
HB_abb313_lasso,2887,QOCO_SOLVED,0.001162877,0.004295951,0.005458828000000001,1384.7916978276276,7
